[
    {
        "WebsiteName": "AnotherExample.com",
        "IPAddress": "11-22-33-44-55-66",
        "Domain": "AnotherExample",
        "TimeAccessed": "2:15pm, 9-15-23",
        "LocationAccessed": "Los Angeles, USA",
        "ReasonForBlock": "Phishing Attempt"
    },
    {
        "WebsiteName": "SecureBanking.net",
        "IPAddress": "9A-8B-7C-6D-5E-4F",
        "Domain": "SecureBanking",
        "TimeAccessed": "8:00am, 9-17-23",
        "LocationAccessed": "London, UK",
        "ReasonForBlock": "Account Suspicion"
    },
    {
        "WebsiteName": "ExampleSite.com",
        "IPAddress": "A1-2B-3C-4D-5E-6F",
        "Domain": "ExampleSite",
        "TimeAccessed": "3:30pm, 9-11-23",
        "LocationAccessed": "New York, USA",
        "ReasonForBlock": "Malware Detected"
    }

]